name,category,value,demand,rarity,last_change,stability,origin
Chroma Ever Set,sets,129000,8,8,-1000,Underpaid For,
Chroma Alien Set,sets,37250,6,6,-250,Underpaid For,
Chroma Bauble Set,sets,35800,7,6,-1000,Stable,
Chroma Sun Set,sets,20500,6,5,500,Doing Well,
Chroma Snow Set,sets,13000,6,5,-250,Stable,
Chroma Blizzard Set,sets,12250,5,5,50,Stable,
Chroma Sweet Set,sets,4700,5,4,-100,Fluctuating,
Chroma Bringer Set,sets,125,1,2,-10,Stable,
Chroma Slasher Set,sets,73,1,2,-2,Stable,
Chroma Pet Set,sets,28,1,2,-7,Underpaid For,
Traveler's Set,sets,13250,6,5,50,Doing Well,
Ever Set,sets,5950,5,4,-50,Stable,
Celestial Set,sets,4700,5,4,-25,Stable,
Alien Set,sets,3300,6,4,-25,Stable,
Dark Set,sets,3225,6,4,20,Stable,
Vampire's Set,sets,3025,6,4,50,Stable,
Sakura Set,sets,2540,6,4,10,Stable,
Sun Set,sets,1750,6,4,50,Stable,
Snow Set,sets,1110,5,3,25,Stable,
Soul Set,sets,1080,5,3,10,Doing Well,
Bauble Set,sets,877,5,4,-25,Fluctuating,
Rainbow Set,sets,830,5,3,10,Stable,
Bloom Set,sets,810,5,3,20,Stable,
Ocean Set,sets,555,4,3,-10,Stable,
Xeno Set,sets,540,4,3,-10,Stable,
Flowerwood Set,sets,525,4,3,10,Stable,
Corrupt Set,sets,512,4,3,-8,Stable,
Blizzard Set,sets,510,4,3,10,Stable,
Bow Set,sets,410,3,2,-20,Stable,
Sweet Set,sets,325,3,3,-10,Stable,
Borealis Set,sets,295,3,3,-10,Stable,
Full Ice Set,sets,260,3,2,-3,Stable,
Pearl Set,sets,185,2,3,-10,Stable,
Bat Set,sets,155,2,2,-3,Fluctuating,
Candy Set,sets,113,1,2,-2,Stable,
Full Elderwood Set,sets,104,1,2,-6,Stable,
Ice Set,sets,100,1,2,-3,Stable,
Elderwood Set,sets,71,1,2,-4,Stable,
Full Swirly Set,sets,71,1,2,-6,Stable,
Spectre Set,sets,70,1,2,-4,Stable,
Bringer Set,sets,66,1,2,-4,Stable,
Swirly Set,sets,58,1,2,-4,Stable,
Hallow Set,sets,52,1,2,-3,Stable,
Old Glory Set,sets,38,1,2,-2,Stable,
Slasher Set,sets,38,1,2,-2,Stable,
Iceflake Set,sets,37,1,2,-1,Stable,
Plasma Set,sets,35,1,2,-7,Stable,
Logchopper Set,sets,31,1,2,-2,Stable,
Ginger Set (Godly),sets,30,1,2,-2,Stable,
Virtual Set,sets,30,1,2,-3,Stable,
Cookie Set,sets,26,1,2,-4,Stable,
Eternalcane Set,sets,26,1,2,-4,Stable,
Pumpkin Set,sets,405,3,4,-2,Underpaid For,
Latte Set,sets,330,3,3,-10,Stable,
Bats Set,sets,181,3,5,5,Stable,
Zombified Set,sets,120,3,4,5,Stable,
Dark Set (Rare),sets,76,3,4,-5,Stable,
Gingerbread Set,sets,76,3,4,-1,Stable,
Spectral Set,sets,68,3,4,-5,Stable,
Traveler Set,sets,68,3,4,-5,Stable,
Aurora Set (Legend.),sets,63,3,4,-5,Stable,
Vampire Set (Legend.),sets,63,3,4,-5,Stable,
Silent Night Set,sets,62,2,4,-1,Stable,
Pumpkin Set (2020),sets,48,2,4,8,Stable,
Pumpkin Set (2021),sets,40,2,4,5,Stable,
Aurora Set (Rare),sets,11,2,3,-2,Stable,
Pumpkin Set (2019),sets,11,1,3,-5,Underpaid For,
Wrap Set,sets,10,2,3,4,Stable,
Eye Set,sets,10,1,2,-4,Underpaid For,
Toxic Set,sets,9,2,3,-1,Stable,
Cavern Set,sets,8,2,3,-1,Stable,
Zombie Set,sets,8,1,3,-1,Stable,
Ghost Set,sets,7,1,3,-1,Stable,
Icedriller Set,sets,6,2,2,-3,Stable,
Full Elite Set,sets,6,1,3,-2,Stable,
Santa's Set (Legend.),sets,6,1,3,-4,Stable,
Scratch Set,sets,6,1,3,-1,Stable,
Candy Swirl Set,sets,4,2,3,-2,Stable,
Snakebite Set,sets,4,2,3,-2,Stable,
Vampire Set (Rare),sets,4,2,3,-2,Stable,
Frozen Set,sets,4,1,3,-2,Stable,
Marble Set,sets,4,1,3,-1,Stable,
Potion Set,sets,4,1,3,-2,Stable,
Grave Set,sets,3,1,3,-1,Stable,
Lights Set,sets,3,1,3,-1,Stable,
Mummy Set,sets,3,1,3,-1,Stable,
Slime Set,sets,3,1,3,-2,Stable,
Haunted Set,sets,2,1,3,-2,Stable,
Full Bringer Set,sets,191,1,2,-4,Stable,
Full Luger Set,sets,185,1,2,-7,Stable,
Luger Set,sets,135,1,2,-7,Stable,
Sparkle Set,sets,127,2,3,2,Stable,
Collectible Set,sets,71,2,4,-4,Stable,
Vintage Set,sets,59,1,2,-2,Stable,
Full Colored Seer Set,sets,46,1,2,-2,Stable,
Eternal Set,sets,43,1,2,-8,Stable,
Skate Set,sets,30,2,3,-1,Stable,
Pals Set,sets,16,2,3,1,Stable,
Colored Seer Set,sets,16,1,1,-6,Stable,
Wrapping Paper Set,sets,14,1,3,-2,Stable,
Small Set (107),sets,1315,4,4,-55,Fluctuating,
Small Set (103),sets,1280,4,4,-55,Fluctuating,
Full Chroma Set,sets,570,1,2,-6,Underpaid For,
Chroma Weapon Set,sets,545,1,2,-5,Stable,
Bones,uncommons,255,3,5,-5,Stable,Hallows 2019 (Unboxed)
Brains,uncommons,175,3,4,5,Stable,Hallows 2019 (Unboxed)
Zombified (Knife),uncommons,105,3,4,5,Stable,Hallows 2019 (Unboxed)
Gingerbread (Knife),uncommons,75,3,4,10,Stable,Xmas 2019 (Tier 9)
Sweater (Knife),uncommons,60,3,4,5,Stable,Xmas 2018 (Tier 14)
Branches,uncommons,50,3,4,5,Stable,Hallows 2019 (Tier 10)
Snowflake (Knife),uncommons,50,3,4,5,Stable,Xmas 2018 (Tier 8)
Skulls,uncommons,15,3,4,2,Stable,Hallows 2021 (Tier 14)
Zombified (Gun),uncommons,15,2,4,0,Stable,Hallows 2019 (Tier 6)
Void,uncommons,12,2,3,2,Stable,Prime Gaming Promo
Steel (Gun),uncommons,8,2,3,1,Stable,Hallows 2023 (Tier 15)
Gothic (Gun),uncommons,7,2,4,2,Stable,Hallows 2021 (Tier 8)
Zombie,uncommons,7,2,4,2,Stable,Hallows 2021 (Tier 18)
Mummy (2017),uncommons,7,2,3,2,Stable,Hallows 2017 (Unboxed)
Zombie (Gun),uncommons,7,1,3,-1,Stable,Hallows 2018 (Tier 11)
Wrap (Gun),uncommons,5,2,3,2,Stable,Xmas 2020 (Unboxed)
Wrap (Knife),uncommons,5,2,3,2,Stable,Xmas 2020 (Unboxed)
Snowman (Gun),uncommons,3,2,4,2,Stable,Xmas 2021 (Tier 13)
Hazard (Gun),uncommons,3,2,3,2,Stable,Hallows 2022 (Tier 11)
Webs,uncommons,3,2,3,0,Stable,Hallows 2017 (Unboxed)
Zombie (2023),uncommons,3,2,3,2,Stable,Hallows 2023 (Tier 13)
Frozen (Gun),uncommons,3,1,3,-2,Stable,Xmas 2019 (Tier 16)
Potion (2017),uncommons,3,1,3,-1,Stable,Hallows 2017 (Unboxed)
Gingerbread (Knife),uncommons,2,2,4,1,Stable,Xmas 2020 (Tier 6)
Pumpkin Pie,uncommons,2,2,2,-1,Stable,Thanksgiving 2023 (Tier 3)
Lights (Gun),uncommons,2,1,3,-1,Stable,Xmas 2019 (Tier 14)
Mummy (Gun),uncommons,2,1,3,-1,Stable,Hallows 2018 (Tier 8)
Potion (Gun),uncommons,2,1,3,-1,Stable,Hallows 2018 (Unboxed)
Potion (Knife),uncommons,2,1,3,-1,Stable,Hallows 2018 (Tier 14)
Tree (2021),uncommons,1,2,4,1,Stable,Xmas 2021 (Tier 11)
Gingerbread (Gun),uncommons,1,2,3,-1,Stable,Xmas 2019 (Unboxed)
Gingerbread (Gun),uncommons,1,2,3,1,Stable,Xmas 2020 (Unboxed)
Lantern,uncommons,1,2,3,1,Stable,Hallows 2022 (Tier 14)
Meltdown,uncommons,1,2,3,1,Stable,Hallows 2023 (Tier 19)
Moonlight,uncommons,1,2,3,1,Stable,Hallows 2022 (Tier 15)
Stars (Knife),uncommons,1,2,3,1,Stable,Xmas 2023 (Tier 10)
Frozen (Knife),uncommons,1,1,3,-1,Stable,Xmas 2019 (Unboxed)
Holly (Gun),uncommons,1,1,3,-1,Stable,Xmas 2018 (Tier 11)
Lights (Knife),uncommons,1,1,3,0,Stable,Xmas 2019 (Unboxed)
Mummy (Knife),uncommons,1,1,3,-1,Stable,Hallows 2018 (Unboxed)
Zombie (Knife),uncommons,1,1,3,-1,Stable,Hallows 2018 (Unboxed)
Moons,uncommons,1,1,2,-1,Stable,Hallows 2016 (Unboxed)
Vampire,uncommons,1,1,2,0,Stable,Hallows 2016 (Unboxed)
Wolf,uncommons,1,1,2,0,Stable,Hallows 2016 (Unboxed)
Gothic (Knife),uncommons,0.6,2,3,0,Stable,Hallows 2021 (Unboxed)
Nutcracker,uncommons,0.6,1,3,0,Stable,Xmas 2015 (Unboxed)
Snowman (Gun),uncommons,0.6,1,3,0,Stable,Xmas 2015 (Unboxed)
Snowman (Knife),uncommons,0.6,1,3,0,Stable,Xmas 2015 (Unboxed)
Snowy,uncommons,0.6,1,3,0,Stable,Xmas 2015 (Unboxed)
Wrapped (Gun),uncommons,0.6,1,3,0,Stable,Xmas 2015 (Unboxed)
Wrapped (Knife),uncommons,0.6,1,3,0,Stable,Xmas 2015 (Unboxed)
Gifted,uncommons,0.6,1,2,0,Stable,Item Code (F1RSTC0D3)
Cookie (Knife),uncommons,0.45,2,4,0,Stable,Xmas 2021 (Tier 9)
Steel (Knife),uncommons,0.3,2,2,0,Stable,Hallows 2023 (Unboxed)
Pool Noodle,uncommons,0.15,2,3,0,Stable,Summer 2023 (Tier 8)
Snowflake (Knife),uncommons,0.15,2,3,0,Stable,Xmas 2022 (Tier 13)
Wraiths (Knife),uncommons,0.15,2,3,0,Stable,Hallows 2021 (Tier 12)
Mistletoe (Gun),uncommons,0.09,2,3,0,Stable,Xmas 2022 (Tier 11)
Hazard (Knife),uncommons,0.09,2,2,0,Stable,Hallows 2022 (Unboxed)
Gingerheart,uncommons,0.06,2,2,0,Stable,Xmas 2024 (Tier 9)
Love (Gun),uncommons,0.06,2,2,0,Stable,Crafting
Rose,uncommons,0.06,2,2,0,Stable,Valentine's 2023 (Tier 2)
Canes (Gun),uncommons,0.03,2,2,0,Stable,Xmas 2023 (Tier 11)
Cookie (Gun),uncommons,0.03,2,2,0,Stable,Xmas 2021 (Unboxed)
Fireplace,uncommons,0.03,2,2,0,Stable,Xmas 2023 (Tier 13)
Forest,uncommons,0.03,2,2,0,Stable,Xmas 2024 (Tier 8)
Marble,uncommons,0.03,2,2,0,Stable,Easter 2023 Bingo
Melon,uncommons,0.03,2,2,0,Stable,Summer 2023 (Tier 7)
Mummy (Knife),uncommons,0.03,2,2,0,Stable,Hallows 2020 (Tier 6)
Snowflake (Gun),uncommons,0.03,2,2,0,Stable,Xmas 2018 (Unboxed)
Snowman (Knife),uncommons,0.03,2,2,0,Stable,Xmas 2021 (Unboxed)
Wrapped (Gun),uncommons,0.03,2,2,0,Stable,Xmas 2024 (Tier 12)
Frosty,uncommons,0.03,1,3,0,Stable,Xmas 2017 (Unboxed)
Holly (Knife),uncommons,0.03,1,2,0,Stable,Xmas 2018 (Unboxed)
Stockings (Knife),uncommons,0.02,2,3,0,Stable,Xmas 2022 (Tier 10)
Brains (2022),uncommons,0.02,2,2,0,Stable,Hallows 2022 (Unboxed)
Carrot,uncommons,0.02,2,2,0,Stable,Easter 2023 (Tier 2)
Carrot (Gun),uncommons,0.02,2,2,0,Stable,Easter 2024 (Tier 3)
Carrot (Knife),uncommons,0.02,2,2,0,Stable,Easter 2024 (6 Rare Eggs)
Clown (Gun),uncommons,0.02,2,2,0,Stable,Hallows 2024 (Tier 13)
Fall Camo,uncommons,0.02,2,2,0,Stable,Hallows 2021 (Unboxed)
Floatie,uncommons,0.02,2,2,0,Stable,Summer 2024 (Tier 4)
Gingerbread (Gun),uncommons,0.02,2,2,0,Stable,Xmas 2021 (Unboxed)
Monster,uncommons,0.02,2,2,0,Stable,Hallows 2024 (Tier 10)
Moons (2024),uncommons,0.02,2,2,0,Stable,Hallows 2024 (Tier 11)
Mummy (Gun),uncommons,0.02,2,2,0,Stable,Hallows 2020 (Unboxed)
Painted (Gun),uncommons,0.02,2,2,0,Stable,Easter 2023 Bingo
Snowflake (Gun),uncommons,0.02,2,2,0,Stable,Xmas 2022 (Unboxed)
Sweater (Gun),uncommons,0.02,2,2,0,Stable,Xmas 2018 (Unboxed)
Witchbrew,uncommons,0.02,2,2,0,Stable,Hallows 2022 (Unboxed)
Wraiths (Gun),uncommons,0.02,2,2,0,Stable,Hallows 2021 (Unboxed)
Stars (Gun),uncommons,0.02,2,1,0,Stable,Xmas 2023 (Unboxed)
Sweater,uncommons,0.02,1,3,0,Stable,Xmas 2017 (Unboxed)
Tree (2017),uncommons,0.02,1,3,0,Stable,Xmas 2017 (Unboxed)
Checkers,uncommons,0.02,1,2,0,Stable,Crafting
Decorated,uncommons,0.02,1,2,0,Stable,Easter 2025 (Tier 3)
Eclipse,uncommons,0.02,1,2,0,Stable,Hallows 2023 (Unboxed)
Eyes,uncommons,0.02,1,2,0,Stable,Hallows 2025 (Tier 13)
Future,uncommons,0.02,1,2,0,Stable,Crafting
Gingerbread (Gun),uncommons,0.02,1,2,0,Stable,Xmas 2025 (Tier 16)
Glowy,uncommons,0.02,1,2,0,Stable,Hallows 2023 (Unboxed)
Lava (Knife),uncommons,0.02,1,2,0,Stable,Summer 2025 (Tier 13)
Meadow,uncommons,0.02,1,2,0,Stable,Easter 2025 (6 Rare Eggs)
Mistletoe (Knife),uncommons,0.02,1,2,0,Stable,Xmas 2022 (Unboxed)
Night,uncommons,0.02,1,2,0,Stable,Crafting
Polar Bear,uncommons,0.02,1,2,0,Stable,Xmas 2025 (Tier 18)
Pool,uncommons,0.02,1,2,0,Stable,Summer 2025 (Tier 8)
Popsicle,uncommons,0.02,1,2,0,Stable,Summer 2023 (Tier 6)
Pumpkin (2025),uncommons,0.02,1,2,0,Stable,Hallows 2025 (Tier 9)
Soda (Gun),uncommons,0.02,1,2,0,Stable,Summer 2025 (Tier 10)
Stockings (Gun),uncommons,0.02,1,2,0,Stable,Xmas 2022 (Unboxed)
Sweater (Knife),uncommons,0.02,1,2,0,Stable,Xmas 2025 (Tier 14)
Treats (Gun),uncommons,0.02,1,2,0,Stable,Hallows 2025 (Tier 11)
Canes (Knife),uncommons,0.02,1,1,0,Stable,Xmas 2023 (Unboxed)
Snowman (2023),uncommons,0.02,1,1,0,Stable,Xmas 2023 (Unboxed)
Ghostly,uncommons,0.015,2,2,0,Stable,Halloween Catalog Promo
Ghosts (Knife),uncommons,0.015,2,2,0,Stable,Hallows 2020 (Unboxed)
Portal (Gun),uncommons,0.015,2,2,0,Stable,Hallows 2020 (Tier 9)
Pumpkin (Knife),uncommons,0.015,2,2,0,Stable,Hallows 2020 (Unboxed)
Donut,uncommons,0.015,1,2,0,Stable,Crafting
Abduction,uncommons,0.015,1,1,0,Stable,Hallows 2025 (Unboxed)
Blossom,uncommons,0.015,1,1,0,Stable,Valentine 2026 (Unboxed)
Bones (Knife),uncommons,0.015,1,1,0,Stable,Hallows 2024 (Unboxed)
Gingerbread (Knife),uncommons,0.015,1,1,0,Stable,Xmas 2025 (Unboxed)
Jellyfish,uncommons,0.015,1,1,0,Stable,Summer 2024 (Unboxed)
Lava (Gun),uncommons,0.015,1,1,0,Stable,Summer 2025 (Unboxed)
Leaves,uncommons,0.015,1,1,0,Stable,Hallows 2024 (Unboxed)
Ornaments,uncommons,0.015,1,1,0,Stable,Xmas 2025 (Unboxed)
Paws,uncommons,0.015,1,1,0,Stable,Valentine 2026 (Unboxed)
Popsicle (Gun),uncommons,0.015,1,1,0,Stable,Summer 2024 (Unboxed)
Pumpkin Patch,uncommons,0.015,1,1,0,Stable,Hallows 2025 (Unboxed)
Retro,uncommons,0.015,1,1,0,Stable,Summer 2025 (Unboxed)
Snowman (2024),uncommons,0.015,1,1,0,Stable,Xmas 2024 (Unboxed)
Soda (Knife),uncommons,0.015,1,1,0,Stable,Summer 2025 (Unboxed)
Starry,uncommons,0.015,1,1,0,Stable,Valentine 2026 (Unboxed)
Sweater (Gun),uncommons,0.015,1,1,0,Stable,Xmas 2025 (Unboxed)
Treats (Knife),uncommons,0.015,1,1,0,Stable,Hallows 2025 (Unboxed)
Turtle,uncommons,0.015,1,1,0,Stable,Summer 2024 (Unboxed)
Witch's Brew,uncommons,0.015,1,1,0,Stable,Hallows 2024 (Unboxed)
Wrapped (Knife),uncommons,0.015,1,1,0,Stable,Xmas 2024 (Unboxed)
Wreaths,uncommons,0.015,1,1,0,Stable,Xmas 2024 (Unboxed)
Doge,uncommons,0.004,2,1,0,Stable,Knife Box 3
Sketch,uncommons,0.004,2,1,0,Stable,Gun Box 2
Adurite (Gun),uncommons,0.004,1,1,0,Stable,Gun Box 1
Adurite (Knife),uncommons,0.004,1,1,0,Stable,Knife Box 1
Biogun,uncommons,0.004,1,1,0,Stable,Mystery Box #2
Blue,uncommons,0.004,1,1,0,Stable,Rainbow Box
Bluesteel (Gun),uncommons,0.004,1,1,0,Stable,Gun Box 1
Bluesteel (Knife),uncommons,0.004,1,1,0,Stable,Knife Box 1
Brush,uncommons,0.004,1,1,0,Stable,Knife Box 5
Camo (Gun),uncommons,0.004,1,1,0,Stable,Gun Box 1
Camo (Knife),uncommons,0.004,1,1,0,Stable,Mystery Box #1
Caution,uncommons,0.004,1,1,0,Stable,Gun Box 3
Cheddar,uncommons,0.004,1,1,0,Stable,Gun Box 2
Cheesy,uncommons,0.004,1,1,0,Stable,Knife Box 2
Circuit,uncommons,0.004,1,1,0,Stable,Knife Box 3
Hazmat,uncommons,0.004,1,1,0,Stable,Knife Box 4
Hive,uncommons,0.004,1,1,0,Stable,Knife Box 4
Jigsaw,uncommons,0.004,1,1,0,Stable,Knife Box 5
Lucky,uncommons,0.004,1,1,0,Stable,Knife Box 5
Marina,uncommons,0.004,1,1,0,Stable,Gun Box 2
Melon,uncommons,0.004,1,1,0,Stable,Knife Box 4
Missing,uncommons,0.004,1,1,0,Stable,Knife Box 2
Paper,uncommons,0.004,1,1,0,Stable,Knife Box 3
Pink,uncommons,0.004,1,1,0,Stable,Rainbow Box
Pirate,uncommons,0.004,1,1,0,Stable,Mystery Box #1
Red,uncommons,0.004,1,1,0,Stable,Rainbow Box
Soda,uncommons,0.004,1,1,0,Stable,Gun Box 3
Stalker,uncommons,0.004,1,1,0,Stable,Knife Box 2
Tiger,uncommons,0.004,1,1,0,Stable,Mystery Box #1
Wanwood,uncommons,0.004,1,1,0,Stable,Knife Box 1
Wooden,uncommons,0.004,1,1,0,Stable,Gun Box 3
Graffiti,uncommons,0.003,1,1,0,Stable,Mystery Box #2
High Tech,uncommons,0.003,1,1,0,Stable,Mystery Box #2
Zombie Dog,pets,775,4,5,-25,Stable,Hallows 2019 (Tier 25)
Elf (2019),pets,375,3,5,25,Stable,Xmas 2019 (Tier 12)
Blue Pumpkin,pets,220,3,4,10,Stable,Hallows 2018 (Tier 18)
Dogey,pets,160,3,4,5,Stable,Classic Pet Box
Black Cat,pets,135,3,4,-5,Underpaid For,Hallows 2019 (Tier 5)
Red Pumpkin,pets,120,3,4,5,Stable,Hallows 2018 (Tier 12)
Green Pumpkin,pets,60,3,4,5,Stable,Hallows 2018 (Tier 9)
Pumpkin (2017),pets,55,3,5,5,Stable,Hallows 2017 (HW2017)
Mr. Reindeer,pets,55,3,4,5,Stable,Xmas 2020 (Tier 10)
Piggy,pets,55,3,3,5,Stable,Classic Pet Box
Red Pumpkin,pets,25,2,4,5,Stable,Hallows 2020 (Tier 26)
Elf,pets,20,2,4,2,Stable,Xmas 2016 (Bought)
Red Pumpkin,pets,20,2,4,2,Stable,Hallows 2021 (Tier 27)
Green Pumpkin,pets,15,2,4,2,Stable,Hallows 2020 (Tier 18)
Skully,pets,15,2,4,3,Stable,Hallows 2021 (Tier 21)
Mr. Snowman,pets,15,2,3,3,Stable,Xmas 2020 (Tier 4)
Green Pumpkin,pets,13,2,4,1,Stable,Hallows 2021 (Tier 17)
Blue Pumpkin,pets,8,2,3,1,Stable,Hallows 2020 (Tier 12)
Shadow Pumpkin,pets,7,2,3,2,Stable,Hallows 2021 (Tier 11)
<3,pets,7,1,3,-1,Stable,Valentine's 2016
Nobledragon,pets,7,1,2,-1,Underpaid For,Classic Pet Box
Chilly,pets,5,1,2,-2,Underpaid For,Classic Pet Box
Eyeball,pets,5,1,2,-2,Underpaid For,In-Game Shop (Expired)
Fairy,pets,5,1,2,-3,Underpaid For,In-Game Shop (Expired)
Green Pumpkin,pets,5,1,2,-2,Underpaid For,Hallows 2019 (Tier 20)
Jetstream,pets,5,1,2,-2,Underpaid For,In-Game Shop (Expired)
Overseer Eye,pets,5,1,2,-2,Underpaid For,In-Game Shop (Expired)
Pengy,pets,5,1,2,-2,Underpaid For,Classic Pet Box
Purple Pumpkin,pets,5,1,2,-2,Underpaid For,Hallows 2018 (Tier 35)
Red Pumpkin,pets,5,1,2,-2,Underpaid For,Hallows 2019 (Tier 28)
Reindeer,pets,5,1,2,-2,Underpaid For,Xmas 2016 (Bought)
Rudolph,pets,5,1,2,-2,Underpaid For,Xmas 2019 (Tier 21)
Seahorsey,pets,5,1,2,-3,Underpaid For,Classic Pet Box
Tankie,pets,5,1,2,-2,Underpaid For,Classic Pet Box
Vampire Bat,pets,5,1,2,-2,Underpaid For,Hallows 2019 (Tier 31)
Mechbug,pets,3,1,3,-2,Underpaid For,Classic Pet Box
UFO,pets,3,1,3,-1,Underpaid For,Classic Pet Box
Snowbear,pets,2,2,3,1,Stable,Xmas 2021 (Tier 4)
Lil' Alien,pets,1,2,2,1,Stable,Hallows 2025 (Live Event)
Blue Pumpkin,pets,1,1,3,-1,Stable,Hallows 2019 (Tier 9)
Badger,pets,1,1,2,0,Stable,Classic Pet Box
Carrot Bunny,pets,0.45,2,2,0,Stable,Easter 2023 (Tier 3)
Deathspeaker,pets,0.45,1,1,0,Stable,Classic Pet Box
Electro,pets,0.45,1,1,0,Stable,Futuristic Item Pack
Frostbird,pets,0.45,1,1,0,Stable,Xmas 2018 (Tier 100)
Ice Phoenix,pets,0.45,1,1,0,Stable,Xmas 2017 Item Pack
Icey,pets,0.45,1,1,0,Stable,Xmas 2019 Item Pack
Phoenix,pets,0.45,1,1,0,Stable,8-Bit Item Pack
Sammy,pets,0.45,1,1,0,Stable,American Item Pack
Skelly,pets,0.45,1,1,0,Stable,Shadow Item Pack
Steambird,pets,0.45,1,1,0,Stable,Steampunk Item Pack
Traveller,pets,0.45,1,1,0,Stable,Hallows 2017 Item Pack
Fire Bat,pets,0.3,1,1,0,Stable,Season 1 Pet Egg
Fire Bear,pets,0.3,1,1,0,Stable,Season 1 Pet Egg
Fire Bunny,pets,0.3,1,1,0,Stable,Season 1 Pet Egg
Fire Cat,pets,0.3,1,1,0,Stable,Season 1 Pet Egg
Fire Dog,pets,0.3,1,1,0,Stable,Season 1 Pet Egg
Fire Fox,pets,0.3,1,1,0,Stable,Season 1 Pet Egg
Fire Pig,pets,0.3,1,1,0,Stable,Season 1 Pet Egg
Scarecrow,pets,0.15,2,3,0,Stable,Hallows 2020 (Tier 22)
Pumpkin (2018),pets,0.15,2,2,0,Stable,Hallows 2018 (Tier 1)
Teddy,pets,0.15,2,2,0,Stable,Valentine's 2023 (Tier 3)
Pumpkin (2019),pets,0.015,1,2,0,Stable,Hallows 2019 (Tier 1)
Bat,pets,0.015,1,1,0,Stable,Season 1 Pet Egg
Santa Dog,pets,0.01,1,2,0,Stable,Xmas 2017 (Bought)
Elitey,pets,0.01,1,1,0,Stable,Elite Game Pass
Bear,pets,0.003,1,1,0,Stable,Season 1 Pet Egg
Fox,pets,0.002,1,1,0,Stable,Season 1 Pet Egg
Pig,pets,0.002,1,1,0,Stable,Season 1 Pet Egg
Pumpkin (2020),pets,0.002,1,1,0,Stable,Hallows 2020 (Tier 1)
Cat,pets,0.001,1,1,0,Stable,Season 1 Pet Egg
Dog,pets,0.001,1,1,0,Stable,Season 1 Pet Egg
Pumpkin (2021),pets,0.001,1,1,0,Stable,Hallows 2021 (Tier 1)
Santa (2019),pets,35,2,4,0,4,Xmas 2019 (Tier 17)
Ghosty,pets,1,1,2,0,3,Hallows 2019 Item Pack
Snowman,pets,0.002,1,1,0,4,Xmas 2019 (Tier 1)
Bunny,pets,0.001,1,1,0,4,Season 1 Pet Egg
Cane (Knife),rares,625,4,5,25,Stable,Xmas 2018 (Tier 30)
Dungeon,rares,350,3,5,-10,Receding,Hallows 2019 (Unboxed)
Darkknife,rares,75,3,4,-5,Stable,Hallows 2023 (Tier 25)
Makeshift (Knife),rares,50,3,4,5,Stable,"Hallows 2022 (S, Tier 17)"
Silent Night (Knife),rares,50,2,4,-5,Stable,Xmas 2020 (Tier 15)
Zombified,rares,45,3,4,5,Stable,"Hallows 2022 (Z, Tier 17)"
Starry (Gun),rares,27,2,4,2,Stable,Xmas 2021 (Tier 17)
Swirl,rares,27,2,4,2,Stable,Xmas 2021 (Tier 15)
Watcher (Gun),rares,25,2,4,5,Stable,Hallows 2021 (Tier 24)
Magma (Gun),rares,17,2,4,5,Stable,Hallows 2021 (Tier 20)
Silent Night (Gun),rares,12,2,3,-1,Stable,Xmas 2020 (Unboxed)
Aurora (Knife),rares,10,2,3,-2,Stable,Xmas 2019 (Tier 20)
Floral (Knife),rares,10,2,3,-2,Stable,Summer 2023 (Tier 10)
Ghostfire,rares,8,2,3,1,Stable,Hallows 2022 (Tier 18)
Snowflakes,rares,8,2,3,3,Stable,Xmas 2020 (Unboxed)
Toxic (Knife),rares,7,2,3,-1,Stable,Hallows 2018 (Tier 30)
Ghastly (Gun),rares,5,2,4,2,Stable,Hallows 2023 (Tier 21)
Icicles (Gun),rares,5,2,3,-3,Stable,Xmas 2018 (Tier 22)
Candy Swirl (Gun),rares,3,2,3,-2,Stable,Xmas 2019 (Tier 24)
Jack,rares,3,2,3,0,Stable,Hallows 2015 (Bingo)
Snakebite (Knife),rares,3,2,3,-2,Stable,Hallows 2019 (Tier 23)
Sun,rares,3,2,3,-2,Stable,Summer 2023 (Tier 9)
Vampire (Gun),rares,3,2,3,-2,Stable,Hallows 2018 (Tier 22)
Wraith (Knife),rares,3,2,3,1,Stable,Hallows 2022 (Tier 13)
Magma,rares,3,1,3,-2,Stable,Hallows 2017 (Unboxed)
Bats,rares,2,1,3,-1,Stable,Hallows 2016 (Unboxed)
Green Marble,rares,2,1,3,-1,Stable,Hallows 2017 (Unboxed)
Orange Marble,rares,2,1,3,0,Stable,Hallows 2016 (Unboxed)
Toxic (Gun),rares,2,1,2,0,Stable,Hallows 2018 (Unboxed)
Darkgun,rares,1,2,3,1,Stable,Hallows 2023 (Unboxed)
Gingerbread,rares,1,1,3,0,Stable,Xmas 2017 (Unboxed)
Monster,rares,1,1,3,-1,Stable,Hallows 2019 (Tier 15)
Aurora (Gun),rares,1,1,2,0,Stable,Xmas 2019 (Unboxed)
Candy Swirl (Knife),rares,1,1,2,0,Stable,Xmas 2019 (Unboxed)
Snakebite (Gun),rares,1,1,2,0,Stable,Hallows 2019 (Unboxed)
Vampire (Knife),rares,1,1,2,0,Stable,Hallows 2018 (Unboxed)
Gingerbread (Gun),rares,0.6,2,3,0,Stable,Xmas 2022 (Tier 15)
Starry (Knife),rares,0.6,2,3,0,Stable,Xmas 2021 (Unboxed)
Cane (Gun),rares,0.6,1,3,0,Stable,Xmas 2015 (Unboxed)
Cane (Knife),rares,0.6,1,3,0,Stable,Xmas 2015 (Unboxed)
Ginger (Gun),rares,0.6,1,3,0,Stable,Xmas 2015 (Unboxed)
Ginger (Knife),rares,0.6,1,3,0,Stable,Xmas 2015 (Unboxed)
Mummy,rares,0.6,1,3,0,Stable,Hallows 2015 (Bingo)
Nuke,rares,0.45,2,3,0,Stable,Easter 2023 Bingo
Cane (Gun),rares,0.45,2,2,0,Stable,Xmas 2018 (Unboxed)
Magma (Knife),rares,0.45,2,2,0,Stable,Hallows 2021 (Unboxed)
Molten (Gun),rares,0.45,2,2,0,Stable,Crafting
Molten (Knife),rares,0.45,2,2,0,Stable,Crafting
Watcher (Knife),rares,0.45,2,2,0,Stable,Hallows 2021 (Unboxed)
Snowy,rares,0.45,1,4,0,Stable,Xmas 2017 (Unboxed)
Icicles (Knife),rares,0.45,1,2,0,Stable,Xmas 2018 (Unboxed)
Ghastly (Knife),rares,0.3,2,3,0,Stable,Hallows 2023 (Unboxed)
Ice Camo,rares,0.3,2,2,0,Stable,Xmas 2021 (Unboxed)
Logcutter,rares,0.3,2,2,0,Stable,Xmas 2024 (Tier 15)
Butterflies,rares,0.15,2,3,0,Stable,Easter 2025 (8 Rare Eggs)
Heart,rares,0.15,2,3,0,Stable,Valentine's 2023 (Tier 4)
Neon,rares,0.15,2,3,0,Stable,Xmas 2023 (Tier 17)
Candleflame (Gun),rares,0.15,2,2,0,Stable,Hallows 2024 (Tier 17)
Damp,rares,0.15,2,2,0,Stable,Crafting
Frostflame (Knife),rares,0.15,2,2,0,Stable,Xmas 2024 (Tier 17)
Gingerbread (Knife),rares,0.15,2,2,0,Stable,Xmas 2022 (Unboxed)
Nether,rares,0.15,2,2,0,Stable,Crafting
Painted (Knife),rares,0.15,2,2,0,Stable,Easter 2023 (Tier 4)
Spitfire,rares,0.15,2,2,0,Stable,Crafting
Storm,rares,0.15,2,2,0,Stable,Hallows 2024 (Tier 15)
Wraith (Gun),rares,0.15,2,2,0,Stable,Hallows 2022 (Unboxed)
Tree (2023),rares,0.09,2,3,0,Stable,Xmas 2023 (Tier 15)
Tree (Knife),rares,0.09,2,3,0,Stable,Xmas 2022 (Tier 17)
Bio,rares,0.09,2,2,0,Stable,Easter 2023 Bingo
Bones (Knife),rares,0.09,2,2,0,Stable,Hallows 2020 (Unboxed)
Curse,rares,0.09,2,2,0,Stable,Hallows 2022 (Unboxed)
Frostflame (Gun),rares,0.09,2,2,0,Stable,Xmas 2024 (Unboxed)
Ghosts (Gun),rares,0.09,2,2,0,Stable,Hallows 2020 (Tier 24)
Gingercookie (Knife),rares,0.09,2,2,0,Stable,Xmas 2025 (Tier 26)
Hologram (Gun),rares,0.09,2,2,0,Stable,Hallows 2025 (Tier 19)
Pop Art (Knife),rares,0.09,2,2,0,Stable,Summer 2025 (Tier 19)
Spearmint (Gun),rares,0.09,2,2,0,Stable,Xmas 2025 (Tier 20)
Xeno (Knife),rares,0.09,2,2,0,Stable,Hallows 2025 (Tier 21)
Sunny,rares,0.09,1,1,0,Stable,Easter 2025 (Tier 4)
Tropical,rares,0.09,1,1,0,Stable,Summer 2025 (Tier 21)
Hologram (Knife),rares,0.06,2,2,0,Stable,Hallows 2025 (Unboxed)
Portal (Knife),rares,0.06,2,2,0,Stable,Hallows 2020 (Unboxed)
Tree (Gun),rares,0.06,2,2,0,Stable,Xmas 2022 (Unboxed)
Xeno (Gun),rares,0.06,2,2,0,Stable,Hallows 2025 (Unboxed)
Kraken,rares,0.06,1,2,0,Stable,Hallows 2024 (Unboxed)
Ritual,rares,0.06,1,2,0,Stable,Hallows 2024 (Unboxed)
Snowflake,rares,0.06,1,2,0,Stable,Xmas 2023 (Unboxed)
Snowglobe,rares,0.06,1,2,0,Stable,Xmas 2023 (Unboxed)
Floral (Gun),rares,0.06,1,1,0,Stable,Summer 2024 (Unboxed)
Gingercookie (Gun),rares,0.06,1,1,0,Stable,Xmas 2025 (Unboxed)
Heartbreak,rares,0.06,1,1,0,Stable,Valentine 2026 (Unboxed)
Neon,rares,0.06,1,1,0,Stable,Summer 2025 (Unboxed)
Pop Art (Gun),rares,0.06,1,1,0,Stable,Summer 2025 (Unboxed)
Robot,rares,0.06,1,1,0,Stable,Easter 2024 (8 Rare Eggs)
Sharky,rares,0.06,1,1,0,Stable,Summer 2024 (Tier 7)
Sleigh,rares,0.06,1,1,0,Stable,Xmas 2024 (Unboxed)
Spearmint (Knife),rares,0.06,1,1,0,Stable,Xmas 2025 (Unboxed)
Spring,rares,0.06,1,1,0,Stable,Easter 2024 (Tier 5)
Waves,rares,0.06,1,1,0,Stable,Summer 2024 (Unboxed)
Yummy,rares,0.06,1,1,0,Stable,Valentine 2026 (Unboxed)
Black,rares,0.025,2,1,0,Stable,Rainbow Box
Abstract,rares,0.025,1,1,0,Stable,Knife Box 5
Ace,rares,0.025,1,1,0,Stable,Gun Box 3
Bacon,rares,0.025,1,1,0,Stable,Gun Box 3
Galactic,rares,0.025,1,1,0,Stable,Gun Box 1
Galaxy,rares,0.025,1,1,0,Stable,Knife Box 1
Hacker,rares,0.025,1,1,0,Stable,Gun Box 2
Imbued,rares,0.025,1,1,0,Stable,Gun Box 1
iRevolver,rares,0.025,1,1,0,Stable,Gun Box 2
Korblox,rares,0.025,1,1,0,Stable,Knife Box 4
Krypto,rares,0.025,1,1,0,Stable,Knife Box 2
Musical,rares,0.025,1,1,0,Stable,Knife Box 5
Nightfire,rares,0.025,1,1,0,Stable,Mystery Box #2
Nova,rares,0.025,1,1,0,Stable,Knife Box 3
Purple,rares,0.025,1,1,0,Stable,Rainbow Box
Rainbow (Gun),rares,0.025,1,1,0,Stable,Mystery Box #1
Rainbow (Knife),rares,0.025,1,1,0,Stable,Knife Box 1
Space,rares,0.025,1,1,0,Stable,Mystery Box #1
Spectrum,rares,0.025,1,1,0,Stable,Knife Box 2
Squire,rares,0.025,1,1,0,Stable,Knife Box 4
Vortex,rares,0.025,1,1,0,Stable,Knife Box 3
Deep Sea,rares,0.02,1,1,0,Stable,Mystery Box #2
JD,legendaries,30,2,2,-2,Stable,JD Giveaway
Latte (Gun),legendaries,165,3,3,-5,Stable,Thanksgiving 2023 Pack
Latte (Knife),legendaries,165,3,3,-5,Stable,Thanksgiving 2023 Pack
Spectral (Knife),legendaries,65,3,4,-5,Stable,Hallows 2021 (Tier 29)
Traveler (Gun),legendaries,65,3,4,-5,Stable,Hallows 2023 (Tier 29)
Aurora (Gun),legendaries,60,3,4,-5,Stable,Xmas 2021 (Tier 19)
Vampire (Gun),legendaries,60,3,4,-5,Stable,Hallows 2022 (Tier 19)
Cotton Candy,legendaries,40,2,2,0,Stable,Candy Tycoon Promo
Beach,legendaries,35,2,3,5,Stable,Summer 2023 (Tier 12)
Arctic (Gun),legendaries,10,2,4,3,Stable,Xmas 2022 (Tier 19)
Cavern (Knife),legendaries,7,2,3,-1,Stable,Xmas 2019 (Tier 29)
Broken,legendaries,7,2,2,0,Stable,Valentine's 2023 (Tier 5)
Icedriller,legendaries,5,2,2,-2,Stable,Xmas 2020 (Tier 19)
Nightsky,legendaries,5,2,2,1,Stable,Xmas 2024 (Tier 19)
Ghost (Knife),legendaries,5,1,3,0,Stable,Hallows 2018 (Tier 50)
Ginger (Gun),legendaries,5,1,3,-1,Stable,Xmas 2018 (Tier 50)
Bunnies,legendaries,4,2,2,-1,Stable,Easter 2025 (Tier 6)
Red Scratch,legendaries,4,1,3,0,Stable,Hallows 2016 (Unboxed)
Skulls,legendaries,4,1,3,-1,Stable,Hallows 2019 (Unboxed)
Aurora (Knife),legendaries,3,2,2,1,Stable,Xmas 2021 (Unboxed)
Spectral (Gun),legendaries,3,2,2,1,Stable,Hallows 2021 (Unboxed)
Traveler (Knife),legendaries,3,2,2,1,Stable,Hallows 2023 (Unboxed)
Vampire (Knife),legendaries,3,2,2,1,Stable,Hallows 2022 (Unboxed)
Witched,legendaries,3,2,2,-1,Stable,Hallows 2019 (Tier 35)
Blue Elite,legendaries,3,1,3,0,Stable,Xmas 2017 (Buying Elite)
Green Elite,legendaries,3,1,3,0,Stable,Xmas 2015 (Buying Elite)
Santa's Magic,legendaries,3,1,3,0,Stable,Xmas 2019 (Challenge)
Santa's Spirit,legendaries,3,1,3,0,Stable,Xmas 2020 (Challenge)
Energized (Gun),legendaries,2,2,2,1,Stable,Hallows 2025 (Tier 23)
Frostfade (Knife),legendaries,2,2,2,1,Stable,Xmas 2023 (Tier 19)
Blue Scratch,legendaries,2,1,3,0,Stable,Hallows 2017 (Unboxed)
Ghost (Gun),legendaries,2,1,3,0,Stable,Hallows 2018 (Unboxed)
Chromatic (Knife),legendaries,1,2,2,-1,Stable,Easter 2023 Bingo
Icecracker,legendaries,1,2,2,-1,Stable,Xmas 2020 (Unboxed)
Red Fire,legendaries,1,1,3,0,Stable,Xmas 2017 (Challenge)
Cavern (Gun),legendaries,1,1,2,0,Stable,Xmas 2019 (Unboxed)
Arctic (Knife),legendaries,0.6,2,2,0,Stable,Xmas 2022 (Unboxed)
Chromatic (Gun),legendaries,0.6,2,2,0,Stable,Easter 2023 Bingo
Cursed (Knife),legendaries,0.6,2,2,0,Stable,Hallows 2024 (Tier 19)
Emerald,legendaries,0.6,2,2,0,Stable,Crafting
Energized (Knife),legendaries,0.6,2,2,0,Stable,Hallows 2025 (Unboxed)
Frozen (Gun),legendaries,0.6,2,2,0,Stable,Xmas 2025 (Tier 29)
Nightstar,legendaries,0.6,2,2,0,Stable,Xmas 2024 (Unboxed)
Overseer (Gun),legendaries,0.6,2,2,0,Stable,Crafting
Predator (Knife),legendaries,0.6,2,2,0,Stable,Crafting
Ripper (Knife),legendaries,0.6,2,2,0,Stable,Hallows 2020 (Tier 29)
Rupture,legendaries,0.6,1,3,0,Stable,Hallows 2015 (Bingo)
Tree (Gun),legendaries,0.6,1,3,0,Stable,Xmas 2015 (Unboxed)
Tree (Knife),legendaries,0.6,1,3,0,Stable,Xmas 2015 (Unboxed)
Web,legendaries,0.6,1,3,0,Stable,Hallows 2015 (Bingo)
Green Fire,legendaries,0.6,1,2,0,Stable,Xmas 2017 (Unboxed)
Aquarium (Gun),legendaries,0.45,2,2,0,Stable,Summer 2025 (Tier 23)
Cursed (Gun),legendaries,0.45,2,2,0,Stable,Hallows 2024 (Unboxed)
Frostfade (Gun),legendaries,0.45,2,2,0,Stable,Xmas 2023 (Unboxed)
Frozen (Knife),legendaries,0.45,2,2,0,Stable,Xmas 2025 (Unboxed)
Midnight,legendaries,0.45,2,2,0,Stable,Crafting
Palms (Gun),legendaries,0.45,2,2,0,Stable,Summer 2024 (Tier 10)
Sparkle,legendaries,0.45,2,2,0,Stable,Crafting
Cupid,legendaries,0.3,2,2,0,Stable,Valentine 2026 (Unboxed)
Ginger (Knife),legendaries,0.3,2,2,0,Stable,Xmas 2018 (Unboxed)
Ripper (Gun),legendaries,0.3,2,2,0,Stable,Hallows 2020 (Unboxed)
Aquarium (Knife),legendaries,0.3,1,1,0,Stable,Summer 2025 (Unboxed)
Palms (Knife),legendaries,0.3,1,1,0,Stable,Summer 2024 (Unboxed)
Overseer (Knife),legendaries,0.12,2,1,0,Stable,Knife Box 2
Predator (Gun),legendaries,0.12,2,1,0,Stable,Gun Box 2
Rune,legendaries,0.12,2,1,0,Stable,Mystery Box #1
Universe,legendaries,0.12,2,1,0,Stable,Gun Box 3
Viper,legendaries,0.12,2,1,0,Stable,Gun Box 1
Fade,legendaries,0.12,1,1,0,Stable,Knife Box 4
Fusion,legendaries,0.12,1,1,0,Stable,Knife Box 5
Plasmite,legendaries,0.12,1,1,0,Stable,Knife Box 1
Shiny,legendaries,0.12,1,1,0,Stable,Rainbow Box
Splash (Knife),legendaries,0.12,1,1,0,Stable,Knife Box 3
Elite,legendaries,0.09,1,1,0,Stable,Elite Gamepass/Buying Elite
Splash (Gun),legendaries,0.09,1,1,0,Stable,Mystery Box #2
Blood,vintages,8,1,2,0,Stable,"MM1 (4,000 Coins)"
Ghost,vintages,8,1,2,-2,Stable,"MM1 (1,200 Coins)"
Laser,vintages,8,1,2,0,Stable,"MM1 (1,200 Coins)"
America,vintages,7,1,2,0,Stable,MM1 July 4th (25 Cash)
Prince,vintages,6,1,2,0,Stable,"MM1 (2,000 Coins)"
Shadow,vintages,6,1,2,0,Stable,"MM1 (3,000 Coins)"
Phaser,vintages,5,1,2,0,Stable,"MM1 (2,000 Coins)"
Cowboy,vintages,4,1,2,-1,Stable,MM1 (800 Coins)
Golden,vintages,4,1,2,0,Stable,"MM1 (3,500 Coins)"
Splitter,vintages,3,1,2,0,Stable,MM1 (800 Coins)
C. Traveler's Gun,chromas,220000,9,10,-5000,Stable,Hallows 2023 (Unboxed)
Chroma Evergun,chromas,75000,8,8,-1000,Stable,Xmas 2023 (Gifting)
Chroma Evergreen,chromas,54000,7,7,-1000,Underpaid For,Xmas 2023 (Unboxed)
Chroma Bauble,chromas,34000,7,6,-1000,Stable,Xmas 2024 (Gifting)
C. Vampire's Gun,chromas,29000,7,6,-1000,Stable,Hallows 2024 (Unboxed)
C. Constellation,chromas,27000,7,6,500,Stable,Xmas 2024 (Unboxed)
Chroma Alienbeam,chromas,24000,6,6,-1000,Stable,Hallows 2025 (Unboxed)
Chroma Raygun,chromas,13250,6,5,-250,Underpaid For,Hallows 2025 (Tier 25)
Chroma Sunrise,chromas,12750,6,5,250,Doing Well,Summer 2025 (Unboxed)
C. Snowcannon,chromas,8500,6,5,250,Stable,Xmas 2025 (Tier 30)
Chroma Blizzard,chromas,8000,5,5,-500,Stable,Xmas 2025 Item Pack
Chroma Sunset,chromas,7750,6,5,250,Doing Well,Summer 2025 (Tier 25)
C. Snow Dagger,chromas,4500,5,5,-250,Stable,Xmas 2025 (Unboxed)
Chroma Snowstorm,chromas,4250,5,5,50,Stable,Xmas 2025 Item Pack
C. Heart Wand,chromas,4250,5,4,-250,Stable,Valentine 2026 (Unboxed)
Chroma Watergun,chromas,3400,5,5,-50,Stable,Summer 2024 (Unboxed)
Chroma Treat,chromas,2500,5,4,-50,Fluctuating,Valentine 2026 Item Pack
Chroma Sweet,chromas,2200,5,4,-50,Fluctuating,Valentine 2026 Item Pack
Chroma Ornament,chromas,1800,5,4,-100,Stable,Xmas 2025 (Gifting)
C. Darkbringer,chromas,65,1,2,-5,Stable,Mystery Crate #2
C. Lightbringer,chromas,60,1,2,-5,Stable,Mystery Crate #2
Chroma Luger,chromas,50,1,2,-2,Stable,Gun Box #1
C. Candleflame,chromas,40,1,2,-2,Stable,Hallows 2021 (Unboxed)
Chroma Laser,chromas,40,1,2,-2,Stable,Gun Box #3
C. Elderwood Blade,chromas,38,1,2,-2,Stable,Hallows 2022 (Unboxed)
C. Swirly Gun,chromas,38,1,2,-2,Stable,Xmas 2021 (Unboxed)
C. Deathshard,chromas,35,1,2,-3,Stable,Knife Box #1
C. Cookiecane,chromas,33,1,2,-2,Stable,Xmas 2022 (Unboxed)
Chroma Slasher,chromas,33,1,2,-2,Stable,Knife Box #4
Chroma Fang,chromas,32,1,2,-3,Stable,Knife Box #2
Chroma Gemstone,chromas,32,1,2,-3,Stable,Mystery Crate #1
Chroma Shark,chromas,32,1,2,-3,Stable,Gun Box #2
Chroma Heat,chromas,30,1,2,-2,Stable,Rainbow Box
Chroma Seer,chromas,30,1,2,-2,Stable,Season 1 Crafting
C. Gingerblade,chromas,28,1,2,-2,Stable,Xmas 2018 (Unboxed)
Chroma Tides,chromas,28,1,2,-2,Stable,Knife Box #5
Chroma Saw,chromas,25,1,2,-2,Stable,Knife Box #3
Chroma Boneblade,chromas,22,1,2,-3,Stable,Hallows 2018 (Unboxed)
Chroma Fire Bat,chromas,4,1,2,-1,Underpaid For,Season 1 Pet Egg
Chroma Fire Bear,chromas,4,1,2,-1,Underpaid For,Season 1 Pet Egg
C. Fire Bunny,chromas,4,1,2,-1,Underpaid For,Season 1 Pet Egg
Chroma Fire Cat,chromas,4,1,2,-1,Underpaid For,Season 1 Pet Egg
Chroma Fire Dog,chromas,4,1,2,-1,Underpaid For,Season 1 Pet Egg
Chroma Fire Fox,chromas,4,1,2,-1,Underpaid For,Season 1 Pet Egg
Chroma Fire Pig,chromas,4,1,2,-1,Underpaid For,Season 1 Pet Egg
Glitch1,commons,70,3,3,-5,Stable,Godly Batwing Deletion
Glitch2,commons,45,2,3,-5,Stable,Black Luger Deletion
Bats (Knife),commons,180,3,5,5,Stable,Hallows 2018 (Tier 5)
Ghoulish,commons,105,3,4,-5,Stable,Hallows Catalog Promo
Gifts (Knife),commons,90,2,4,5,Stable,Xmas 2019 (Tier 6)
Pine (Knife),commons,85,2,4,5,Stable,Xmas 2019 (Tier 4)
Frosted (Knife),commons,30,2,4,2,Stable,Xmas 2019 (Tier 2)
Sparkle9,commons,30,2,3,0,Stable,Sparkle Item Pack
Snowflakes (Gun),commons,25,2,4,3,Stable,Xmas 2019 (Tier 3)
Webbed (Gun),commons,25,2,4,5,Stable,Hallows 2019 (Unboxed)
Wrapped (Gun),commons,25,2,4,3,Stable,Xmas 2018 (Tier 5)
Snowman (Gun),commons,22,2,4,2,Stable,Xmas 2018 (Tier 4)
CandyCorn (2017),commons,22,2,3,2,Stable,Hallows 2017 (Unboxed)
Sparkle10,commons,20,2,3,0,Stable,Sparkle Item Pack
Sparkle8,commons,20,2,3,0,Stable,Sparkle Item Pack
Ecto,commons,18,2,3,3,Stable,Hallows 2017 (Unboxed)
Sparkle7,commons,18,2,3,0,Stable,Sparkle Item Pack
Elf (Knife),commons,17,2,4,0,Stable,Xmas 2015 (Unboxed)
RIP,commons,17,2,4,2,Stable,Hallows 2019 (Tier 3)
Coal (Knife),commons,15,2,4,3,Stable,Xmas 2018 (Tier 2)
Mummified,commons,15,2,4,3,Stable,Hallows 2019 (Tier 4)
Slimy,commons,15,2,4,5,Stable,Hallows 2019 (Unboxed)
Pumpkin (2019),commons,12,2,4,2,Stable,Hallows 2019 (Unboxed)
Prism,commons,12,2,3,2,Stable,Item Code (PR1SM)
Sparkle6,commons,12,2,3,0,Stable,Sparkle Item Pack
Combat II,commons,10,2,3,0,Stable,Item Code (C0MB4T2)
Phantom,commons,10,2,3,2,Stable,Hallows 2017 (Unboxed)
Sparkle4,commons,10,2,2,2,Stable,Sparkle Item Pack
Candy Corn (2019),commons,8,2,4,1,Stable,Hallows 2019 (Unboxed)
Elf (2018),commons,8,2,4,1,Stable,Xmas 2018 (Tier 3)
Skool,commons,8,2,3,0,Stable,Item Code (B4CK2SK00L)
Sparkle5,commons,8,2,3,0,Stable,Sparkle Item Pack
Tailslide,commons,8,2,3,-2,Stable,Skate Item Pack
Ollie,commons,7,2,3,0,Stable,Skate Item Pack
Sidewinder,commons,7,2,3,0,Stable,Skate Item Pack
Zombie,commons,7,2,3,2,Stable,Hallows 2017 (Unboxed)
Starry,commons,5,2,3,2,Stable,Hallows 2020 (Scary Mode)
Euro,commons,4,2,3,-1,Stable,Skate Item Pack
Sketchy,commons,4,2,3,1,Stable,Item Code (SK3TCHY)
Alex,commons,3,2,3,1,Stable,Item Code (AL3X)
Apocalypse (Gun),commons,3,2,3,1,Stable,"Hallows 2022 (Survivor, T4)"
Bats (2020),commons,3,2,3,1,Stable,Hallows 2020 (Scary Mode)
Corl,commons,3,2,3,1,Stable,Item Code (C0RL)
Denis,commons,3,2,3,1,Stable,Item Code (D3NIS)
Infected (Gun),commons,3,2,3,1,Stable,"Hallows 2022 (Zombie, T4)"
Sub,commons,3,2,3,1,Stable,Item Code (SUB0)
Ghosty,commons,3,2,2,0,Stable,Hallows 2016 (Unboxed)
Sparkle1,commons,3,2,2,0,Stable,Sparkle Item Pack
Sparkle2,commons,3,2,2,1,Stable,Sparkle Item Pack
Sparkle3,commons,3,2,2,0,Stable,Sparkle Item Pack
Asteroid,commons,3,1,3,-2,Stable,No Mans Sky Tycoon Promo
Grave (Gun),commons,2,1,3,-1,Stable,Hallows 2018 (Tier 3)
Grind,commons,2,1,3,0,Stable,Skate Item Pack
Slime (Knife),commons,2,1,3,-1,Stable,Hallows 2018 (Tier 2)
Indy,commons,2,1,2,0,Stable,Skate Item Pack
Slashed,commons,1,2,3,1,Stable,Hallows 2020 (Scary Mode)
Bats (Gun),commons,1,1,3,-1,Stable,Hallows 2018 (Unboxed)
Grave (Knife),commons,1,1,3,-1,Stable,Hallows 2018 (Unboxed)
Haunted (Gun),commons,1,1,3,-1,Stable,Hallows 2018 (Unboxed)
Haunted (Knife),commons,1,1,3,-1,Stable,Hallows 2018 (Tier 4)
Slime (Gun),commons,1,1,3,-1,Stable,Hallows 2018 (Unboxed)
Apocalypse (Knife),commons,0.6,2,3,0,Stable,"Hallows 2022 (Survivor, T2)"
Infected (Knife),commons,0.6,2,3,0,Stable,"Hallows 2022 (Zombie, T2)"
2015,commons,0.6,1,3,0,Stable,Item Code (2K15)
Blossom,commons,0.6,1,3,0,Stable,Valentine's 2016
Bunny,commons,0.6,1,3,0,Stable,Easter Event 2016
Carrot,commons,0.6,1,3,0,Stable,Easter 2016
Choco,commons,0.6,1,3,0,Stable,Easter 2016
Egg,commons,0.6,1,3,0,Stable,Easter 2016
Elf (Gun),commons,0.6,1,3,0,Stable,Xmas 2015 (Unboxed)
Goo,commons,0.6,1,3,0,Stable,Item Code (G003Y)
Hearts,commons,0.6,1,3,0,Stable,Valentine's 2016
Ornament,commons,0.6,1,3,0,Stable,Xmas 2015 (Unboxed)
Ornament1,commons,0.6,1,3,0,Stable,Xmas 2015 (Unboxed)
Ornament2 (Gun),commons,0.6,1,3,0,Stable,Xmas 2015 (Unboxed)
Ornament2 (Knife),commons,0.6,1,3,0,Stable,Xmas 2015 (Unboxed)
Passion,commons,0.6,1,3,0,Stable,Valentine's 2016
Patrick,commons,0.6,1,3,0,Stable,PATR1CK
Reptile,commons,0.6,1,3,0,Stable,Item Code (R3PT1L3)
Roses,commons,0.6,1,3,0,Stable,Valentine's 2016
Santa (Gun),commons,0.6,1,3,0,Stable,Xmas 2015 (Unboxed)
Santa (Knife),commons,0.6,1,3,0,Stable,Xmas 2015 (Unboxed)
Sweetheart,commons,0.6,1,3,0,Stable,Valentine's 2016
Tulip,commons,0.6,1,3,0,Stable,Easter 2016
Valentine,commons,0.6,1,3,0,Stable,Valentine's 2016
Bones,commons,0.6,1,2,0,Stable,Hallows 2016 (Unboxed)
Brains,commons,0.6,1,2,0,Stable,Hallows 2016 (Unboxed)
Witch,commons,0.6,1,2,0,Stable,Hallows 2016 (Unboxed)
Frosted (Gun),commons,0.45,2,3,0,Stable,Xmas 2019 (Unboxed)
Hunter,commons,0.45,2,3,0,Stable,Hallows 2022 (Tier 7)
Webbed (Knife),commons,0.45,2,3,0,Stable,Hallows 2019 (Tier 2)
Infected,commons,0.45,1,3,0,Stable,Item Code (INF3CT3D)
Neon,commons,0.45,1,3,0,Stable,Item Code (N30N)
TNL,commons,0.45,1,3,0,Stable,Item Code (N3XTL3V3L)
Gift Bag (Knife),commons,0.3,2,3,0,Stable,Xmas 2020 (Tier 3)
Gifts (Gun),commons,0.3,2,3,0,Stable,Xmas 2019 (Unboxed)
Ribbons,commons,0.3,2,3,0,Stable,Xmas 2021 (Tier 7)
Snowflakes (Knife),commons,0.3,2,3,0,Stable,Xmas 2019 (Unboxed)
Pine (Gun),commons,0.09,2,3,0,Stable,Xmas 2019 (Unboxed)
RB Knife,commons,0.09,2,2,0,Stable,RB Battles Event NPC
Cane (Gun),commons,0.03,2,3,0,Stable,Xmas 2021 (Tier 6)
Etched,commons,0.03,2,3,0,Stable,Hallows 2023 (Tier 11)
Ornaments (Gun),commons,0.03,2,3,0,Stable,Xmas 2020 (Tier 2)
Fragile (Gun),commons,0.03,2,2,0,Stable,Easter 2023 (Tier 1)
Fragile (Knife),commons,0.03,2,2,0,Stable,Easter 2023 Bingo
Love (2023),commons,0.03,2,2,0,Stable,Valentine's 2023 (Tier 1)
Coal (Knife),commons,0.02,2,3,0,Stable,Xmas 2021 (Tier 3)
Moon,commons,0.02,2,3,0,Stable,Hallows 2021 (Tier 5)
Scarf,commons,0.02,2,2,0,Stable,Thanksgiving 2023 (Tier 1)
Candied (Knife),commons,0.015,2,3,0,Stable,Xmas 2022 (Tier 4)
Cracks (Gun),commons,0.015,2,3,0,Stable,Hallows 2021 (Tier 7)
Darkness (Knife),commons,0.015,2,3,0,Stable,Hallows 2022 (Tier 6)
Snowman (Gun),commons,0.015,2,3,0,Stable,Xmas 2022 (Tier 6)
Webs,commons,0.015,2,3,0,Stable,Hallows 2022 (Tier 10)
Gift Bag (Gun),commons,0.015,2,2,0,Stable,Xmas 2020 (Unboxed)
Ornaments (Knife),commons,0.015,2,2,0,Stable,Xmas 2020 (Unboxed)
Stockings,commons,0.015,2,2,0,Stable,Xmas 2020 (Unboxed)
Toy (Knife),commons,0.015,2,2,0,Stable,Summer 2023 (Tier 4)
Trees,commons,0.015,2,2,0,Stable,Xmas 2020 (Unboxed)
Aliens,commons,0.01,2,3,0,Stable,Hallows 2021 (Tier 2)
Coal (Gun),commons,0.01,2,3,0,Stable,Xmas 2018 (Unboxed)
Ghosts (2023),commons,0.01,2,3,0,Stable,Hallows 2023 (Tier 5)
Pumpkin (2023),commons,0.01,2,3,0,Stable,Hallows 2023 (Tier 7)
Vines (Knife),commons,0.01,2,3,0,Stable,Hallows 2023 (Tier 3)
Cat,commons,0.01,2,2,0,Stable,Hallows 2021 (Unboxed)
Coal (Gun),commons,0.01,2,2,0,Stable,Xmas 2022 (Tier 2)
Ribbon,commons,0.01,2,2,0,Stable,Xmas 2023 (Tier 6)
Santa (2023),commons,0.01,2,2,0,Stable,Xmas 2023 (Tier 8)
Toy (Gun),commons,0.01,2,2,0,Stable,Summer 2023 (Tier 2)
Penguin,commons,0.01,1,1,0,Stable,Xmas 2025 (15 Quests)
Reindeer,commons,0.01,1,1,0,Stable,Xmas 2025 Santa's Quest
Candied (Gun),commons,0.003,2,2,0,Stable,Xmas 2022 (Unboxed)
Candle,commons,0.003,2,2,0,Stable,Hallows 2020 (Unboxed)
Candy Corn (Gun),commons,0.003,2,2,0,Stable,Hallows 2022 (Tier 3)
Candy Corn (Knife),commons,0.003,2,2,0,Stable,Hallows 2020 (Tier 2)
Cane (Knife),commons,0.003,2,2,0,Stable,Xmas 2021 (Unboxed)
Carved (Gun),commons,0.003,2,2,0,Stable,Hallows 2020 (Tier 3)
Coal,commons,0.003,2,2,0,Stable,Xmas 2017 (Unboxed)
Coal (Gun),commons,0.003,2,2,0,Stable,Xmas 2021 (Unboxed)
Cracks (Knife),commons,0.003,2,2,0,Stable,Hallows 2021 (Unboxed)
Darkness (Gun),commons,0.003,2,2,0,Stable,Hallows 2022 (Unboxed)
Elf (2017),commons,0.003,2,2,0,Stable,Xmas 2017 (Unboxed)
Frozen (Knife),commons,0.003,2,2,0,Stable,Xmas 2023 (Tier 2)
Present,commons,0.003,2,2,0,Stable,Xmas 2017 (Unboxed)
Present (2023),commons,0.003,2,2,0,Stable,Xmas 2023 (Tier 4)
Santa,commons,0.003,2,2,0,Stable,Xmas 2017 (Unboxed)
Santa (2018),commons,0.003,2,2,0,Stable,Xmas 2018 (Unboxed)
Snowman (Knife),commons,0.003,2,2,0,Stable,Xmas 2018 (Unboxed)
Watcher (Gun),commons,0.003,2,2,0,Stable,Hallows 2020 (Tier 5)
Wrapped (Knife),commons,0.003,2,2,0,Stable,Xmas 2018 (Unboxed)
Stickers (Gun),commons,0.003,1,2,0,Stable,Summer 2023 (Tier 3)
Stickers (Knife),commons,0.003,1,2,0,Stable,Xmas 2022 (Tier 8)
Wavy (Knife),commons,0.003,1,2,0,Stable,Easter 2024 (Tier 1)
Bats (Gun),commons,0.003,1,1,0,Stable,Hallows 2024 (Tier 4)
Candles,commons,0.003,1,1,0,Stable,Hallows 2024 (Tier 8)
Candy Corn (Gun),commons,0.003,1,1,0,Stable,Hallows 2025 (Tier 3)
Candy Corn (Knife),commons,0.003,1,1,0,Stable,Hallows 2024 (Tier 2)
Carrots,commons,0.003,1,1,0,Stable,Easter 2025 (Tier 1)
Cats,commons,0.003,1,1,0,Stable,Hallows 2025 (Tier 7)
Chick,commons,0.003,1,1,0,Stable,Easter 2025 (4 Rare Eggs)
Clownfish (Knife),commons,0.003,1,1,0,Stable,Summer 2024 (Tier 2)
Gifts (2024),commons,0.003,1,1,0,Stable,Xmas 2024 (Tier 3)
Haunted (2025),commons,0.003,1,1,0,Stable,Hallows 2025 (Tier 5)
Hot Chocolate,commons,0.003,1,1,0,Stable,Xmas 2024 (Tier 2)
Igloo (Gun),commons,0.003,1,1,0,Stable,Xmas 2024 (Tier 4)
UFOs (Knife),commons,0.003,1,1,0,Stable,Hallows 2025 (Tier 2)
Wavy (Gun),commons,0.003,1,1,0,Stable,Easter 2024 (4 Rare Eggs)
Candy Corn (Gun),commons,0.002,2,2,0,Stable,Hallows 2020 (Unboxed)
Carved (Knife),commons,0.002,2,2,0,Stable,Hallows 2020 (Unboxed)
Coal (Knife),commons,0.002,2,2,0,Stable,Xmas 2022 (Unboxed)
Giftwrap,commons,0.002,2,2,0,Stable,Xmas 2021 (Unboxed)
Haunted,commons,0.002,2,2,0,Stable,Hallows 2021 (Unboxed)
Watcher (Knife),commons,0.002,2,2,0,Stable,Hallows 2020 (Unboxed)
Candy Corn (Knife),commons,0.002,1,2,0,Stable,Hallows 2022 (Unboxed)
Eyeball,commons,0.002,1,2,0,Stable,Hallows 2022 (Unboxed)
Snowman (Knife),commons,0.002,1,2,0,Stable,Xmas 2022 (Unboxed)
Stickers (Gun),commons,0.002,1,2,0,Stable,Hallows 2021 (Tier 3)
Stickers (Gun),commons,0.002,1,2,0,Stable,Xmas 2021 (Unboxed)
Stickers (Knife),commons,0.002,1,2,0,Stable,Hallows 2021 (Unboxed)
Stickers (Knife),commons,0.002,1,2,0,Stable,Xmas 2021 (Tier 2)
Balloons,commons,0.002,1,1,0,Stable,Summer 2024 (Unboxed)
Bats (Knife),commons,0.002,1,1,0,Stable,Hallows 2024 (Unboxed)
Bells,commons,0.002,1,1,0,Stable,Xmas 2023 (Unboxed)
Candy Corn (Gun),commons,0.002,1,1,0,Stable,Hallows 2024 (Unboxed)
Candy Corn (Knife),commons,0.002,1,1,0,Stable,Hallows 2025 (Unboxed)
Clownfish (Gun),commons,0.002,1,1,0,Stable,Summer 2024 (Unboxed)
Coconut,commons,0.002,1,1,0,Stable,Summer 2025 (Tier 3)
Dolphins,commons,0.002,1,1,0,Stable,Summer 2025 (Unboxed)
Elf (2023),commons,0.002,1,1,0,Stable,Xmas 2023 (Unboxed)
Fall,commons,0.002,1,1,0,Stable,Hallows 2025 (Unboxed)
Frozen (Gun),commons,0.002,1,1,0,Stable,Xmas 2023 (Unboxed)
Ghosts (2024),commons,0.002,1,1,0,Stable,Hallows 2024 (Unboxed)
Hearts (2026),commons,0.002,1,1,0,Stable,Valentine 2026 (Unboxed)
Igloo (Knife),commons,0.002,1,1,0,Stable,Xmas 2024 (Unboxed)
Leaves,commons,0.002,1,1,0,Stable,Hallows 2023 (Unboxed)
Leaves,commons,0.002,1,1,0,Stable,Summer 2025 (Tier 2)
Lights (Gun),commons,0.002,1,1,0,Stable,Xmas 2025 (Unboxed)
Lights (Knife),commons,0.002,1,1,0,Stable,Xmas 2025 (Tier 8)
Peppermint (Gun),commons,0.002,1,1,0,Stable,Xmas 2025 (Tier 10)
Peppermint (Knife),commons,0.002,1,1,0,Stable,Xmas 2025 (Unboxed)
Plaid,commons,0.002,1,1,0,Stable,Valentine 2026 (Unboxed)
Reindeer,commons,0.002,1,1,0,Stable,Xmas 2024 (Unboxed)
Sandy (Gun),commons,0.002,1,1,0,Stable,Summer 2024 (Unboxed)
Skyline,commons,0.002,1,1,0,Stable,Summer 2025 (Unboxed)
Snowball (Gun),commons,0.002,1,1,0,Stable,Xmas 2025 (Tier 4)
Snowball (Knife),commons,0.002,1,1,0,Stable,Xmas 2025 (Unboxed)
Snowfall,commons,0.002,1,1,0,Stable,Xmas 2023 (Unboxed)
Spider (2023),commons,0.002,1,1,0,Stable,Hallows 2023 (Unboxed)
Starfish (Gun),commons,0.002,1,1,0,Stable,Summer 2024 (Tier 1)
Starfish (Knife),commons,0.002,1,1,0,Stable,Summer 2024 (Unboxed)
Stickers (Gun),commons,0.002,1,1,0,Stable,Hallows 2024 (Unboxed)
Stickers (Gun),commons,0.002,1,1,0,Stable,Summer 2025 (Unboxed)
Stickers (Gun),commons,0.002,1,1,0,Stable,Xmas 2022 (Unboxed)
Stickers (Gun),commons,0.002,1,1,0,Stable,Xmas 2024 (Unboxed)
Stickers (Gun),commons,0.002,1,1,0,Stable,Xmas 2025 (Unboxed)
Stickers (Knife),commons,0.002,1,1,0,Stable,Hallows 2024 (Tier 6)
Stickers (Knife),commons,0.002,1,1,0,Stable,Summer 2023 (Tier 1)
Stickers (Knife),commons,0.002,1,1,0,Stable,Summer 2025 (Tier 4)
Stickers (Knife),commons,0.002,1,1,0,Stable,Xmas 2024 (Tier 7)
Stickers (Knife),commons,0.002,1,1,0,Stable,Xmas 2025 (Tier 2)
Stickers,commons,0.002,1,1,0,Stable,Hallows 2022 (Unboxed)
Stickers,commons,0.002,1,1,0,Stable,Hallows 2025 (Unboxed)
Stickers,commons,0.002,1,1,0,Stable,Thanksgiving 2025 Shop
Stockings (2024),commons,0.002,1,1,0,Stable,Xmas 2024 (Unboxed)
Strawberries (Gun),commons,0.002,1,1,0,Stable,Valentine 2026 (Unboxed)
Strawberries (Knife),commons,0.002,1,1,0,Stable,Valentine 2026 (Unboxed)
Striped (Gun),commons,0.002,1,1,0,Stable,Summer 2025 (Tier 7)
Striped (Knife),commons,0.002,1,1,0,Stable,Summer 2025 (Unboxed)
UFOs (Gun),commons,0.002,1,1,0,Stable,Hallows 2025 (Unboxed)
Vines (Gun),commons,0.002,1,1,0,Stable,Hallows 2023 (Unboxed)
Wood,commons,0.002,1,1,0,Stable,Hallows 2023 (Unboxed)
Xbox,commons,0.002,1,1,0,Stable,Join MM2 on Xbox
Clown (Gun),commons,0.001,2,1,0,Stable,Mystery Box #2
Clown (Knife),commons,0.001,2,1,0,Stable,Knife Box 4
8Bit,commons,0.001,1,1,0,Stable,Knife Box 2
Aqua,commons,0.001,1,1,0,Stable,Knife Box 4
Big Kill,commons,0.001,1,1,0,Stable,Gun Box 1
Bit,commons,0.001,1,1,0,Stable,Gun Box 3
Bleached,commons,0.001,1,1,0,Stable,Knife Box 4
Borders,commons,0.001,1,1,0,Stable,Knife Box 2
Brown,commons,0.001,1,1,0,Stable,Rainbow Box
Cardboard,commons,0.001,1,1,0,Stable,Knife Box 3
Cherry,commons,0.001,1,1,0,Stable,Knife Box 3
Clan,commons,0.001,1,1,0,Stable,Knife Box 3
Cold,commons,0.001,1,1,0,Stable,Gun Box 1
Combat,commons,0.001,1,1,0,Stable,Mystery Box #1
Copper,commons,0.001,1,1,0,Stable,Mystery Box #1
Eco,commons,0.001,1,1,0,Stable,Knife Box 5
Engraved,commons,0.001,1,1,0,Stable,Gun Box 2
Fallout,commons,0.001,1,1,0,Stable,Gun Box 1
Green,commons,0.001,1,1,0,Stable,Rainbow Box
Hardened,commons,0.001,1,1,0,Stable,Mystery Box #1
HL2,commons,0.001,1,1,0,Stable,Gun Box 3
Ice,commons,0.001,1,1,0,Stable,Knife Box 1
Infiltrator,commons,0.001,1,1,0,Stable,Gun Box 2
Iron,commons,0.001,1,1,0,Stable,Gun Box 1
Juice,commons,0.001,1,1,0,Stable,Gun Box 2
Leaf,commons,0.001,1,1,0,Stable,Mystery Box #2
Linked,commons,0.001,1,1,0,Stable,Knife Box 2
Log,commons,0.001,1,1,0,Stable,Knife Box 5
Love (Knife),commons,0.001,1,1,0,Stable,Knife Box 1
Lovely,commons,0.001,1,1,0,Stable,Mystery Box #2
News,commons,0.001,1,1,0,Stable,Gun Box 3
Oily,commons,0.001,1,1,0,Stable,Knife Box 4
Orange,commons,0.001,1,1,0,Stable,Rainbow Box
Pea,commons,0.001,1,1,0,Stable,Gun Box 3
Sandy,commons,0.001,1,1,0,Stable,Knife Box 5
Shaded,commons,0.001,1,1,0,Stable,Mystery Box #2
Slate,commons,0.001,1,1,0,Stable,Knife Box 2
Splat,commons,0.001,1,1,0,Stable,Mystery Box #1
Splatter,commons,0.001,1,1,0,Stable,Knife Box 1
Stainless,commons,0.001,1,1,0,Stable,Knife Box 3
Star,commons,0.001,1,1,0,Stable,Gun Box 2
Static,commons,0.001,1,1,0,Stable,Knife Box 5
Whiteout,commons,0.001,1,1,0,Stable,Knife Box 1
Yellow,commons,0.001,1,1,0,Stable,Rainbow Box
Gingerscope,ancients,17750,6,4,250,Stable,Xmas 2023 (Tier 20)
Traveler's Axe,ancients,8250,5,5,-50,Stable,Hallows 2023 (Tier 30)
Celestial,ancients,2000,5,4,50,Stable,Xmas 2024 (Tier 20)
Vampire's Axe,ancients,1225,5,4,25,Stable,Hallows 2024 (Tier 20)
Harvester,ancients,250,3,2,-10,Stable,Hallows 2021 (Tier 30)
Icepiercer,ancients,160,3,2,-10,Stable,Xmas 2022 (Tier 20)
Icebreaker,ancients,67,1,2,-1,Stable,Xmas 2020 (Tier 20)
Batwing,ancients,43,1,2,-2,Stable,Hallows 2018 Item Pack
Swirly Axe,ancients,40,1,2,-2,Stable,Xmas 2021 (Tier 20)
Elderwood Scythe,ancients,38,1,2,-2,Stable,Hallows 2019 (Tier 40)
Hallowscythe,ancients,30,1,2,-2,Stable,Hallows 2020 (Tier 30)
Logchopper,ancients,18,1,2,-2,Stable,Xmas 2019 (Tier 30)
Icewing,ancients,15,2,2,2,Stable,Xmas 2018 Item Pack
Traveler's Gun,godlies,5000,6,5,100,Doing Well,Hallows 2023 (Unboxed)
Evergun,godlies,3450,5,4,-25,Stable,Xmas 2023 (Gifting)
Constellation,godlies,2700,5,4,-25,Stable,Xmas 2024 (Unboxed)
Evergreen,godlies,2500,5,4,-25,Stable,Xmas 2023 (Unboxed)
Turkey,godlies,2450,5,4,-25,Stable,Thanksgiving 2023 Pack
Alienbeam,godlies,1925,5,4,-25,Stable,Hallows 2025 (Unboxed)
Vampire's Gun,godlies,1800,6,4,50,Stable,Hallows 2024 (Unboxed)
Darkshot,godlies,1625,6,4,10,Stable,Hallows 2023 Item Pack
Darksword,godlies,1600,6,4,10,Stable,Hallows 2023 Item Pack
Raygun,godlies,1375,6,3,25,Stable,Hallows 2025 (Tier 25)
Blossom,godlies,1275,6,4,5,Stable,Valentine 2023 Item Pack
Sakura,godlies,1265,6,4,5,Stable,Valentine 2023 Item Pack
Sunrise,godlies,1125,6,4,25,Stable,Summer 2025 (Unboxed)
Bauble,godlies,850,5,4,-25,Stable,Xmas 2024 (Gifting)
Snowcannon,godlies,850,5,3,25,Stable,Xmas 2025 (Tier 30)
Sunset,godlies,625,5,3,25,Stable,Summer 2025 (Tier 25)
Soul,godlies,545,5,3,5,Doing Well,Hallows 2024 Item Pack
Spirit,godlies,535,5,3,5,Doing Well,Hallows 2024 Item Pack
Rainbow Gun,godlies,420,5,3,5,Stable,Easter 2023 Item Pack
Flora,godlies,410,5,3,10,Stable,Easter 2025 Item Pack
Rainbow,godlies,410,5,3,5,Stable,Easter 2023 Item Pack
Bloom,godlies,400,5,3,10,Stable,Easter 2025 Item Pack
Heart Wand,godlies,340,4,3,10,Stable,Valentine 2026 (Unbox.)
Ocean,godlies,280,4,3,-5,Stable,Summer 2023 Item Pack
Waves,godlies,275,4,3,-5,Stable,Summer 2023 Item Pack
Xenoknife,godlies,270,4,3,-5,Stable,Hallows 2025 Item Pack
Xenoshot,godlies,270,4,3,-5,Stable,Hallows 2025 Item Pack
Flowerwood Gun,godlies,265,4,3,5,Stable,Easter 2024 Item Pack
Flowerwood,godlies,260,4,3,5,Stable,Easter 2024 Item Pack
Snow Dagger,godlies,260,4,3,5,Stable,Xmas 2025 (Unboxed)
Blizzard,godlies,255,4,3,5,Stable,Xmas 2025 Item Pack
Snowstorm,godlies,255,4,3,5,Stable,Xmas 2025 Item Pack
Watergun,godlies,250,3,3,-10,Stable,Summer 2024 (Unboxed)
Treat,godlies,165,3,3,-5,Stable,Valentine 2026 Item Pack
Sweet,godlies,160,3,3,-5,Stable,Valentine 2026 Item Pack
Borealis,godlies,150,3,3,-5,Stable,Xmas 2024 Item Pack
Australis,godlies,145,3,3,-5,Stable,Xmas 2024 Item Pack
Bat,godlies,120,2,2,-5,Fluctuating,Hallows 2022 (Zombie)
Pearlshine,godlies,95,2,3,-5,Stable,Summer 2024 Item Pack
Pearl,godlies,90,2,3,-5,Stable,Summer 2024 Item Pack
Candy,godlies,80,1,2,-5,Stable,Xmas 2015 (Unboxed)
Heartblade,godlies,67,1,2,-1,Stable,Valentine 2021 Item Pack
Luger,godlies,42,1,2,-3,Stable,Gun Box #1
Red Luger,godlies,38,1,2,-2,Stable,Xmas 2015 (Crafted)
Makeshift,godlies,35,1,2,-3,Stable,Hallows 2022 (Survivor)
Phantom,godlies,35,1,2,-2,Stable,Hallows 2022 Item Pack
Spectre,godlies,35,1,2,-2,Stable,Hallows 2022 Item Pack
Candleflame,godlies,33,1,2,-2,Stable,Hallows 2021 (Unboxed)
Darkbringer,godlies,33,1,2,-2,Stable,Mystery Crate #2
Elderwood Blade,godlies,33,1,2,-2,Stable,Hallows 2022 (Unboxed)
Elderwood Revolver,godlies,33,1,2,-2,Stable,Hallows 2019 (Unboxed)
Iceblaster,godlies,33,1,2,-2,Stable,Xmas 2020 (Unboxed)
Lightbringer,godlies,33,1,2,-2,Stable,Mystery Crate #2
Sugar,godlies,33,1,2,-2,Stable,Xmas 2015 (Unboxed)
Ornament,godlies,27,1,2,-1,Fluctuating,Xmas 2025 (Gifting)
Green Luger,godlies,25,1,2,-5,Stable,Xmas 2015 (Crafted)
Amerilaser,godlies,23,1,2,-2,Stable,American Item Pack
Laser,godlies,23,1,2,-4,Stable,Gun Box #3
Hallowgun,godlies,22,1,2,-1,Stable,Hallows 2020 (Unboxed)
Icebeam,godlies,20,1,2,-2,Stable,Xmas 2021 Item Pack
Nightblade,godlies,20,1,2,-2,Stable,Shadow Item Pack
Shark,godlies,20,1,2,-3,Stable,Gun Box #2
Plasmabeam,godlies,18,1,2,-4,Stable,Plasmabeam Item Pack
Swirly Gun,godlies,18,1,2,-2,Stable,Xmas 2021 (Unboxed)
Battleaxe II,godlies,17,1,2,-1,Stable,Hallows 2018 (Tier 100)
Blaster,godlies,17,1,2,-1,Stable,Futuristic Item Pack
Ginger Luger,godlies,17,1,2,-3,Stable,Xmas 2018 (Crafted)
Iceflake,godlies,17,1,2,-1,Stable,Xmas 2021 Item Pack
Pixel,godlies,17,1,2,-3,Stable,8-Bit Item Pack
Plasmablade,godlies,17,1,2,-3,Stable,Plasmablade Item Pack
Gemstone,godlies,15,1,2,-2,Stable,Mystery Box #1
Old Glory,godlies,15,1,2,-2,Stable,American Item Pack
Slasher,godlies,15,1,2,-2,Stable,Knife Box #4
Vampire's Edge,godlies,15,1,2,0,Stable,Hallows 2020 Item Pack
Cookiecane,godlies,13,1,2,-2,Stable,Xmas 2022 (Unboxed)
Deathshard,godlies,13,1,2,-2,Stable,Knife Box #1
Eternalcane,godlies,13,1,2,-2,Stable,MM2 Shop Promo
Gingerblade,godlies,13,1,2,-2,Stable,Xmas 2018 (Unboxed)
Gingermint,godlies,13,1,2,-2,Stable,Xmas 2022 (Gifting)
Jinglegun,godlies,13,1,2,-2,Stable,Xmas 2020 (Gifting)
Lugercane,godlies,13,1,2,-2,Stable,Xmas 2019 (Gifting)
Minty,godlies,13,1,2,-2,Stable,Xmas 2019 (Unboxed)
Nebula,godlies,13,1,2,-2,Stable,Nebula Item Pack
Swirly Blade,godlies,13,1,2,-2,Stable,Xmas 2021 (Gifting)
Virtual,godlies,13,1,2,-2,Stable,Futuristic Item Pack
Battleaxe,godlies,12,1,2,0,Stable,Hallows 2017 Item Pack
Chill,godlies,10,1,2,-2,Stable,Xmas 2015 (Crafted)
Clockwork,godlies,10,1,2,-2,Stable,Steampunk Item Pack
Fang,godlies,10,1,2,-2,Stable,Knife Box #2
Frostsaber,godlies,10,1,2,0,Stable,Xmas 2017 (Bought)
Heat,godlies,10,1,2,-2,Stable,Rainbow Box
Spider,godlies,10,1,2,-2,Stable,Hallows 2015 (Bingo)
Tides,godlies,10,1,2,-2,Stable,Knife Box #5
Bioblade,godlies,8,1,2,-2,Stable,Bioblade Item Pack
Eternal III,godlies,8,1,2,-2,Stable,MM2 Shop Promo
Eternal IV,godlies,8,1,2,-2,Stable,MM2 Shop Promo
Hallow's Blade,godlies,8,1,2,0,Stable,Hallows 2017 (Bought)
Hallow's Edge,godlies,8,1,2,0,Stable,Hallows 2016 (Unboxed)
Handsaw,godlies,8,1,2,0,Stable,Xmas 2015 (Crafted)
Boneblade,godlies,7,1,2,0,Stable,Hallows 2018 (Unboxed)
Eternal,godlies,7,1,2,-1,Stable,MM2 Shop Promo
Eternal II,godlies,7,1,2,-1,Stable,MM2 Shop Promo
Frostbite,godlies,7,1,2,0,Stable,Xmas 2019 Item Pack
Ghostblade,godlies,7,1,2,0,Stable,Hallows 2019 Item Pack
Ice Dragon,godlies,7,1,2,-1,Stable,Xmas 2016 (Bought)
Ice Shard,godlies,7,1,2,-1,Stable,Xmas 2017 Item Pack
Prismatic,godlies,7,1,2,0,Stable,Prismatic Item Pack
Pumpking,godlies,7,1,2,-1,Stable,Hallows 2017 (Unboxed)
Saw,godlies,7,1,2,0,Stable,Knife Box #3
Xmas,godlies,7,1,2,-1,Stable,Xmas 2015 (Bought)
Eggblade,godlies,5,1,2,0,Stable,Easter 2021 Item Pack
Flames,godlies,5,1,2,-2,Stable,MM2 Classic Crafting
Snowflake,godlies,5,1,2,0,Stable,Xmas 2017 (Bought)
Winter's Edge,godlies,5,1,2,-2,Stable,Xmas 2017 (Unboxed)
Peppermint,godlies,4,1,2,0,Stable,Xmas 2020 Item Pack
Cookieblade,godlies,3,1,2,0,Stable,Xmas 2020 Item Pack
Blue Seer,godlies,3,1,1,0,Stable,Season 1 Crafting
Purple Seer,godlies,3,1,1,0,Stable,Season 1 Crafting
Red Seer,godlies,3,1,1,0,Stable,Season 1 Crafting
Seer,godlies,3,1,1,0,Stable,Crafting
Orange Seer,godlies,2,1,1,0,Stable,Season 1 Crafting
Yellow Seer,godlies,2,1,1,0,Stable,Season 1 Crafting
Mystery Key,misc,1,2,2,0,Stable,MM2 In-Game Shop
Box of Blue Papers,misc,2,1,3,-1,Stable,Xmas 2017 (Bought)
Box of Fertilizer,misc,2,1,3,0,Stable,Xmas 2018 (Bought)
Box of Gold Papers,misc,2,1,3,-1,Stable,Xmas 2016 (Bought)
Box of Green Papers,misc,2,1,3,0,Stable,Xmas 2016 (Bought)
Box of Purple Papers,misc,2,1,3,-1,Stable,Xmas 2016 (Bought)
Box of Red Papers,misc,2,1,3,-1,Stable,Xmas 2016 (Bought)
Box of Ultra Wrap,misc,2,1,3,-1,Stable,Xmas 2017 (Bought)
Gifts (2015),misc,0.3,1,3,0,Stable,Xmas 2015 (Currency)
Snowflake Key,misc,0.3,1,3,0,Stable,Xmas 2018 (Tiers)
Skeleton Key,misc,5,1,3,0,Stable,Hallows 2018 (Tiers)
Candies (2016),misc,0.002,1,2,0,Stable,Hallows 2016 (Currency)
Candies (2017),misc,0.001,1,1,0,Stable,Hallows 2017 (Currency)
Corrupt,uniques,470,4,3,-5,Stable,Data Loss
